Tanggal_Waktu,Sumber_Koordinat,Suhu_C,Suhu_Dirasakan_C,Kelembaban,Kecepatan_Angin,Arah_Angin,Indeks_UV,Tutupan_Awan,Visibilitas_KM
2026-09-23 12:00:00+00:00,"42.3478,-71.0466",13.23,13.2,79,5.2,19,0.0,9.42,16.0
2026-09-23 13:00:00+00:00,"42.3478,-71.0466",15.53,15.5,71,7.2,38,1.0,12.96,16.0
2026-09-23 14:00:00+00:00,"42.3478,-71.0466",16.23,16.2,64,7.5,50,3.0,30.42,16.0
2026-09-23 15:00:00+00:00,"42.3478,-71.0466",16.65,16.6,60,7.6,50,4.0,57.2,16.0
2026-09-23 16:00:00+00:00,"42.3478,-71.0466",16.8,16.8,60,8.3,42,5.0,23.77,16.0
2026-09-23 17:00:00+00:00,"42.3478,-71.0466",16.77,16.8,60,7.9,45,5.0,50.92,16.0
2026-09-23 18:00:00+00:00,"42.3478,-71.0466",16.24,16.2,65,8.1,46,4.0,98.53,16.0
2026-09-23 19:00:00+00:00,"42.3478,-71.0466",15.79,15.8,68,7.6,45,3.0,100.0,16.0
2026-09-23 20:00:00+00:00,"42.3478,-71.0466",15.46,15.5,68,7.2,45,1.0,71.98,16.0
2026-09-23 21:00:00+00:00,"42.3478,-71.0466",14.92,14.9,69,6.7,42,1.0,100.0,16.0
2026-09-23 22:00:00+00:00,"42.3478,-71.0466",14.11,14.1,69,5.8,39,0.0,100.0,16.0
2026-09-23 23:00:00+00:00,"42.3478,-71.0466",12.98,13.0,64,4.9,41,0.0,87.84,16.0
2026-09-24 00:00:00+00:00,"42.3478,-71.0466",12.54,12.5,62,4.8,44,0.0,51.69,16.0
2026-09-24 01:00:00+00:00,"42.3478,-71.0466",12.1,12.1,63,4.6,46,0.0,96.48,16.0
2026-09-24 02:00:00+00:00,"42.3478,-71.0466",11.81,11.8,63,4.2,47,0.0,1.92,16.0
2026-09-24 03:00:00+00:00,"42.3478,-71.0466",11.61,11.6,63,4.2,47,0.0,100.0,16.0
2026-09-24 04:00:00+00:00,"42.3478,-71.0466",11.42,11.4,66,4.2,41,0.0,5.68,16.0
2026-09-24 05:00:00+00:00,"42.3478,-71.0466",12.08,12.1,67,5.1,45,0.0,25.34,16.0
2026-09-24 06:00:00+00:00,"42.3478,-71.0466",12.29,12.3,65,5.4,41,0.0,33.75,16.0
2026-09-24 07:00:00+00:00,"42.3478,-71.0466",12.89,12.9,66,5.4,42,0.0,99.96,16.0
2026-09-24 08:00:00+00:00,"42.3478,-71.0466",12.97,13.0,65,5.6,41,0.0,85.26,16.0
2026-09-24 09:00:00+00:00,"42.3478,-71.0466",12.68,12.7,64,5.9,39,0.0,70.4,16.0
2026-09-24 10:00:00+00:00,"42.3478,-71.0466",12.81,12.8,65,6.0,41,0.0,99.92,16.0
2026-09-24 11:00:00+00:00,"42.3478,-71.0466",12.64,12.6,61,6.2,36,0.0,96.62,16.0
2026-09-24 12:00:00+00:00,"42.3478,-71.0466",13.62,13.6,60,7.0,41,0.0,96.05,16.0
2026-09-24 13:00:00+00:00,"42.3478,-71.0466",13.84,13.8,61,7.6,39,1.0,100.0,16.0
2026-09-24 14:00:00+00:00,"42.3478,-71.0466",14.09,14.1,62,7.9,40,3.0,100.0,16.0
2026-09-24 15:00:00+00:00,"42.3478,-71.0466",14.8,14.8,61,8.0,41,4.0,86.91,16.0
2026-09-24 16:00:00+00:00,"42.3478,-71.0466",14.71,14.7,61,7.8,42,5.0,78.47,16.0
2026-09-24 17:00:00+00:00,"42.3478,-71.0466",15.02,15.0,61,7.8,34,5.0,100.0,16.0
2026-09-24 18:00:00+00:00,"42.3478,-71.0466",15.13,15.1,58,8.0,37,4.0,100.0,16.0
2026-09-24 19:00:00+00:00,"42.3478,-71.0466",15.08,15.1,58,7.5,34,3.0,100.0,16.0
2026-09-24 20:00:00+00:00,"42.3478,-71.0466",14.88,14.9,59,7.2,34,1.0,100.0,16.0
2026-09-24 21:00:00+00:00,"42.3478,-71.0466",14.04,14.0,63,6.6,35,0.0,100.0,16.0
2026-09-24 22:00:00+00:00,"42.3478,-71.0466",13.43,13.4,64,6.2,29,0.0,99.14,16.0
2026-09-24 23:00:00+00:00,"42.3478,-71.0466",12.66,12.7,66,5.0,26,0.0,100.0,16.0
2026-09-25 00:00:00+00:00,"42.3478,-71.0466",12.0,12.0,66,4.9,21,0.0,92.5,16.0
2026-09-25 01:00:00+00:00,"42.3478,-71.0466",11.61,11.6,65,3.7,10,0.0,100.0,16.0
2026-09-25 02:00:00+00:00,"42.3478,-71.0466",11.49,11.5,59,4.7,13,0.0,100.0,16.0
2026-09-25 03:00:00+00:00,"42.3478,-71.0466",11.78,11.8,57,4.3,15,0.0,100.0,16.0
2026-09-25 04:00:00+00:00,"42.3478,-71.0466",11.43,11.4,60,4.9,11,0.0,100.0,16.0
2026-09-25 05:00:00+00:00,"42.3478,-71.0466",11.8,11.8,65,4.2,3,0.0,100.0,16.0
2026-09-25 06:00:00+00:00,"42.3478,-71.0466",11.75,11.8,70,4.3,4,0.0,100.0,16.0
2026-09-25 07:00:00+00:00,"42.3478,-71.0466",12.17,12.2,72,4.5,10,0.0,100.0,16.0
2026-09-25 08:00:00+00:00,"42.3478,-71.0466",12.31,12.3,70,4.4,15,0.0,100.0,16.0
2026-09-25 09:00:00+00:00,"42.3478,-71.0466",12.35,12.4,71,4.3,13,0.0,100.0,16.0
2026-09-25 10:00:00+00:00,"42.3478,-71.0466",12.21,12.2,73,4.1,14,0.0,96.88,16.0
2026-09-25 11:00:00+00:00,"42.3478,-71.0466",12.16,12.2,76,4.4,9,0.0,97.66,16.0
2026-09-25 12:00:00+00:00,"42.3478,-71.0466",13.27,13.3,75,4.5,16,1.0,100.0,16.0
2026-09-25 13:00:00+00:00,"42.3478,-71.0466",14.59,14.6,72,4.4,11,1.0,100.0,16.0
2026-09-25 14:00:00+00:00,"42.3478,-71.0466",15.81,15.8,67,5.0,21,3.0,100.0,16.0
2026-09-25 15:00:00+00:00,"42.3478,-71.0466",16.77,16.8,61,5.9,28,4.0,100.0,16.0
2026-09-25 16:00:00+00:00,"42.3478,-71.0466",17.07,17.1,59,6.4,33,5.0,100.0,16.0
2026-09-25 17:00:00+00:00,"42.3478,-71.0466",17.36,17.4,56,6.3,35,5.0,100.0,16.0
2026-09-25 18:00:00+00:00,"42.3478,-71.0466",17.21,17.2,56,6.2,36,4.0,100.0,16.0
2026-09-25 19:00:00+00:00,"42.3478,-71.0466",17.22,17.2,56,6.2,31,2.0,100.0,16.0
2026-09-25 20:00:00+00:00,"42.3478,-71.0466",17.09,17.1,56,6.0,29,1.0,100.0,16.0
2026-09-25 21:00:00+00:00,"42.3478,-71.0466",17.28,17.3,56,5.4,28,0.0,100.0,16.0
2026-09-25 22:00:00+00:00,"42.3478,-71.0466",17.34,17.3,55,5.2,32,0.0,100.0,16.0
2026-09-25 23:00:00+00:00,"42.3478,-71.0466",17.46,17.5,56,5.1,32,0.0,100.0,16.0
2026-09-26 00:00:00+00:00,"42.3478,-71.0466",17.34,17.3,59,4.4,27,0.0,100.0,16.0
2026-09-26 01:00:00+00:00,"42.3478,-71.0466",17.36,17.4,60,3.9,19,0.0,99.22,16.0
2026-09-26 02:00:00+00:00,"42.3478,-71.0466",17.6,17.6,59,4.9,16,0.0,100.0,16.0
2026-09-26 03:00:00+00:00,"42.3478,-71.0466",17.91,17.9,56,5.7,21,0.0,92.97,16.0
2026-09-26 04:00:00+00:00,"42.3478,-71.0466",17.74,17.7,56,5.9,29,0.0,99.22,16.0
2026-09-26 05:00:00+00:00,"42.3478,-71.0466",17.41,17.4,59,6.5,31,0.0,100.0,16.0
2026-09-26 06:00:00+00:00,"42.3478,-71.0466",16.95,17.0,62,6.8,31,0.0,100.0,16.0
2026-09-26 07:00:00+00:00,"42.3478,-71.0466",16.03,16.0,68,4.8,27,0.0,100.0,16.0
2026-09-26 08:00:00+00:00,"42.3478,-71.0466",15.68,15.7,69,4.8,25,0.0,100.0,16.0
2026-09-26 09:00:00+00:00,"42.3478,-71.0466",15.44,15.4,69,5.0,24,0.0,100.0,16.0
2026-09-26 10:00:00+00:00,"42.3478,-71.0466",15.29,15.3,67,5.2,18,0.0,100.0,16.0
2026-09-26 11:00:00+00:00,"42.3478,-71.0466",15.03,15.0,65,5.4,15,0.0,100.0,16.0
2026-09-26 12:00:00+00:00,"42.3478,-71.0466",14.91,14.9,63,5.2,16,0.0,100.0,16.0
2026-09-26 13:00:00+00:00,"42.3478,-71.0466",15.16,15.2,61,5.6,16,0.0,100.0,16.0
2026-09-26 14:00:00+00:00,"42.3478,-71.0466",15.68,15.7,59,5.9,19,1.0,100.0,16.0
2026-09-26 15:00:00+00:00,"42.3478,-71.0466",15.66,15.7,60,5.9,21,1.0,100.0,16.0
2026-09-26 16:00:00+00:00,"42.3478,-71.0466",15.9,15.9,60,6.3,21,1.0,100.0,16.0
2026-09-26 17:00:00+00:00,"42.3478,-71.0466",15.65,15.6,61,6.1,18,1.0,100.0,16.0
2026-09-26 18:00:00+00:00,"42.3478,-71.0466",15.71,15.7,62,6.2,18,1.0,100.0,16.0
2026-09-26 19:00:00+00:00,"42.3478,-71.0466",15.71,15.7,62,6.2,18,1.0,100.0,16.0
2026-09-26 20:00:00+00:00,"42.3478,-71.0466",15.97,16.0,66,5.9,16,0.0,100.0,4.4
2026-09-26 21:00:00+00:00,"42.3478,-71.0466",15.97,16.0,66,5.9,16,0.0,100.0,4.4
2026-09-26 22:00:00+00:00,"42.3478,-71.0466",15.97,16.0,66,5.9,16,0.0,100.0,4.4
2026-09-26 23:00:00+00:00,"42.3478,-71.0466",14.69,14.7,77,6.6,3,0.0,100.0,16.0
2026-09-27 00:00:00+00:00,"42.3478,-71.0466",14.69,14.7,77,6.6,3,0.0,100.0,16.0
2026-09-27 01:00:00+00:00,"42.3478,-71.0466",14.69,14.7,77,6.6,3,0.0,100.0,16.0
2026-09-27 02:00:00+00:00,"42.3478,-71.0466",16.2,16.2,66,8.1,21,0.0,100.0,7.9
2026-09-27 03:00:00+00:00,"42.3478,-71.0466",16.2,16.2,66,8.1,21,0.0,100.0,7.9
2026-09-27 04:00:00+00:00,"42.3478,-71.0466",16.2,16.2,66,8.1,21,0.0,100.0,7.9
2026-09-27 05:00:00+00:00,"42.3478,-71.0466",13.58,13.6,87,9.0,21,0.0,100.0,2.0
2026-09-27 06:00:00+00:00,"42.3478,-71.0466",13.58,13.6,87,9.0,21,0.0,100.0,2.0
2026-09-27 07:00:00+00:00,"42.3478,-71.0466",13.58,13.6,87,9.0,21,0.0,100.0,2.0
2026-09-27 08:00:00+00:00,"42.3478,-71.0466",12.37,12.4,91,9.2,20,0.0,100.0,2.4
2026-09-27 09:00:00+00:00,"42.3478,-71.0466",12.37,12.4,91,9.2,20,0.0,100.0,2.4
2026-09-27 10:00:00+00:00,"42.3478,-71.0466",12.37,12.4,91,9.2,20,0.0,100.0,2.4
2026-09-27 11:00:00+00:00,"42.3478,-71.0466",11.89,11.9,92,8.5,11,0.0,100.0,1.8
2026-09-27 12:00:00+00:00,"42.3478,-71.0466",11.89,11.9,92,8.5,11,0.0,100.0,1.8
2026-09-27 13:00:00+00:00,"42.3478,-71.0466",11.89,11.9,92,8.5,11,0.0,100.0,1.8
2026-09-27 14:00:00+00:00,"42.3478,-71.0466",12.33,12.3,91,10.7,18,0.0,100.0,4.0
2026-09-27 15:00:00+00:00,"42.3478,-71.0466",12.33,12.3,91,10.7,18,1.0,100.0,4.0
2026-09-27 16:00:00+00:00,"42.3478,-71.0466",12.33,12.3,91,10.7,18,1.0,100.0,4.0
2026-09-27 17:00:00+00:00,"42.3478,-71.0466",12.84,12.8,84,9.9,21,1.0,100.0,8.1
2026-09-27 18:00:00+00:00,"42.3478,-71.0466",12.84,12.8,84,9.9,21,1.0,100.0,8.1
2026-09-27 19:00:00+00:00,"42.3478,-71.0466",12.84,12.8,84,9.9,21,0.0,100.0,8.1
2026-09-27 20:00:00+00:00,"42.3478,-71.0466",12.88,12.9,85,9.6,21,0.0,100.0,4.8
2026-09-27 21:00:00+00:00,"42.3478,-71.0466",12.88,12.9,85,9.6,21,0.0,100.0,4.8
2026-09-27 22:00:00+00:00,"42.3478,-71.0466",12.88,12.9,85,9.6,21,0.0,100.0,4.8
2026-09-27 23:00:00+00:00,"42.3478,-71.0466",12.6,12.6,89,9.4,19,0.0,100.0,9.4
2026-09-28 00:00:00+00:00,"42.3478,-71.0466",12.6,12.6,89,9.4,19,0.0,100.0,9.4
2026-09-28 01:00:00+00:00,"42.3478,-71.0466",12.6,12.6,89,9.4,19,0.0,100.0,9.4
2026-09-28 02:00:00+00:00,"42.3478,-71.0466",13.74,13.7,91,8.2,25,0.0,100.0,8.4
2026-09-28 03:00:00+00:00,"42.3478,-71.0466",13.74,13.7,91,8.2,25,0.0,100.0,8.4
2026-09-28 04:00:00+00:00,"42.3478,-71.0466",13.74,13.7,91,8.2,25,0.0,100.0,8.4
2026-09-28 05:00:00+00:00,"42.3478,-71.0466",13.71,13.7,96,7.7,22,0.0,100.0,3.5
2026-09-28 06:00:00+00:00,"42.3478,-71.0466",13.71,13.7,96,7.7,22,0.0,100.0,3.5
2026-09-28 07:00:00+00:00,"42.3478,-71.0466",13.71,13.7,96,7.7,22,0.0,100.0,3.5
2026-09-28 08:00:00+00:00,"42.3478,-71.0466",13.18,13.2,97,7.4,13,0.0,100.0,4.8
2026-09-28 09:00:00+00:00,"42.3478,-71.0466",13.18,13.2,97,7.4,13,0.0,100.0,4.8
2026-09-28 10:00:00+00:00,"42.3478,-71.0466",13.18,13.2,97,7.4,13,0.0,100.0,4.8
2026-09-28 11:00:00+00:00,"42.3478,-71.0466",12.89,12.9,96,6.3,359,0.0,100.0,4.3
